<?xml version="1.0" encoding="UTF-8"?>
<project-private xmlns="http://www.netbeans.org/ns/project-private/1">
    <editor-bookmarks xmlns="http://www.netbeans.org/ns/editor-bookmarks/2" lastBookmarkId="0"/>
    <open-files xmlns="http://www.netbeans.org/ns/projectui-open-files/2">
        <group>
            <file>file:/C:/Users/malek/Documents/NetBeansProjects/Hangman_latest/Hangman/src/hangman/GameState.java</file>
            <file>file:/C:/Users/malek/Documents/NetBeansProjects/Hangman_latest/Hangman/src/hangman/GameStore.java</file>
            <file>file:/C:/Users/malek/Documents/NetBeansProjects/Hangman_latest/Hangman/src/hangman/Hangman.java</file>
            <file>file:/C:/Users/malek/Documents/NetBeansProjects/Hangman_latest/Hangman/src/hangman/GameGenerator.java</file>
            <file>file:/C:/Users/malek/Documents/NetBeansProjects/Hangman_latest/Hangman/src/hangman/FXMLDocumentController.java</file>
        </group>
    </open-files>
</project-private>
